{
  "version": 1,
  "cameras": {
    "d435i_front": {
      "setup": "eye_to_hand",
      "updated_wall": 1768499127.723934,
      "samples": 20,
      "intrinsics": {
        "K": [
          [
            607.007568359375, 
            0.0, 
            426.561645507812], 
          [
            0.0, 
            606.9580688476562, 
            246.57809448242188], 
          [
            0.0, 
            0.0, 
            1.0]
        ],
        "dist": [
          0.0,
          0.0,
          0.0,
          0.0,
          0.0
        ],
        "width": 848,
        "height": 480,
        "source": "ROS CameraInfo"
      },
      "depth_scale": 0.001,
      "extrinsics": {
        "X_C": [
          [
            -0.006554942755920834,
            0.4938388121595198,
            -0.8695287576212422,
            1.126536209039624
          ],
          [
            0.9999659630399444,
            -0.0011198796905926844,
            -0.008174266393678103,
            -0.022356048212722912
          ],
          [
            -0.005010537602175809,
            -0.8695527433539342,
            -0.49381466264033125,
            0.6683026923682764
          ],
          [
            0.0,
            0.0,
            0.0,
            1.0
          ]
        ],
        "frame": "RobotBase"
      }
    },
    "d435i_shoulder": {
      "setup": "eye_to_hand",
      "updated_wall": 1768499404.2590294,
      "samples": 17,
      "intrinsics": {
        "K": [
          [
            607.3673706054688, 
            0.0, 
            419.3584289550781
          ], 
          [
            0.0, 
            606.851806640625, 
            241.30665588378906
          ], 
          [
            0.0, 
            0.0, 
            1.0
          ]
        ],
        "dist": [
          0.0,
          0.0,
          0.0,
          0.0,
          0.0
        ],
        "width": 848,
        "height": 480,
        "source": "ROS CameraInfo"
      },
      "depth_scale": 0.001,
      "extrinsics": {
        "X_C": [
          [
            -0.6521790367903171,
            -0.569110477304137,
            0.5007751677089347,
            -0.06973661890773869
          ],
          [
            -0.7557158682622868,
            0.4361351181877784,
            -0.48854854941951326,
            0.4099831301017228
          ],
          [
            0.05963246119214221,
            -0.6970648630550745,
            -0.7145239997831969,
            0.5787315063085297
          ],
          [
            0.0,
            0.0,
            0.0,
            1.0
          ]
        ],
        "frame": "RobotBase"
      }
    },
    "d405": {
      "setup": "eye_in_hand",
      "updated_wall": 1768501455.2686384,
      "samples": 20,
      "intrinsics": {
        "K": [
          [
            435.527587890625, 
            0.0, 
            429.64703369140625], 
          [
            0.0, 
            435.00103759765625, 
            244.66766357421875],
          [
            0.0, 
            0.0, 
            1.0]
        ],
        "dist": [
          -0.05499754473567009, 
          0.06058476120233536, 
          -0.0008634127443656325, 
          0.0008332434226758778, 
          -0.02048167772591114],
        "width": 848,
        "height": 480,
        "source": "ROS CameraInfo"
      },
      "depth_scale": 0.0001,
      "extrinsics": {
        "X_C": [
          [
            -0.4298195482405991,
            -0.9027881509856291,
            -0.015123173945849073,
            0.06821774645261017
          ],
          [
            0.902799687424505,
            -0.42943700001825547,
            -0.02316435627288245,
            -0.006515860269957922
          ],
          [
            0.014418055918308238,
            -0.02360968985967358,
            0.9996172778660177,
            -0.1518916766386023
          ],
          [
            0.0,
            0.0,
            0.0,
            1.0
          ]
        ],
        "frame": "EndEffector"
      }
    }
  }
}